{"R": 125.03046895141601, "G": 116.05924013519287, "B": 106.26549647140503}